"","var","highest_10","lowest_10","t_stats"
"1","game_age",4.51497720708333,6.65036531116667,0
"2","publisher_size",5.66666666666667,6.85,0
"3","regular_price",15.5771669733333,18.0596669966667,0
"4","metacritic_rating",80.3965517241379,74.1666666666667,0
"5","std_rating",2.72975216304348,2.25110039789474,0
